spell_id	final_upstream_binding	actual_binding	result
17	spell_priest_power_word_shield	spell_priest_power_word_shield	verified
324	spell_shaman_lightning_shield	spell_shaman_lightning_shield	verified
325	spell_shaman_lightning_shield	spell_shaman_lightning_shield	verified
498	spell_paladin_invulnerability_forbearance	spell_paladin_invulnerability_forbearance	verified
592	spell_priest_power_word_shield	spell_priest_power_word_shield	verified
600	spell_priest_power_word_shield	spell_priest_power_word_shield	verified
603	spell_warlock_curse_of_doom	spell_warlock_curse_of_doom	verified
604	spell_mage_amplify_dampen_magic	spell_mage_amplify_dampen_magic	verified
642	spell_paladin_invulnerability_forbearance	spell_paladin_invulnerability_forbearance	verified
678	spell_paladin_holy_strike	spell_paladin_holy_strike	verified
679	spell_paladin_holy_strike	spell_paladin_holy_strike	verified
680	spell_paladin_holy_strike	spell_paladin_holy_strike	verified
689	spell_warlock_drain_life	spell_warlock_drain_life	verified
698	spell_warlock_ritual_of_summoning	spell_warlock_ritual_of_summoning	verified
699	spell_warlock_drain_life	spell_warlock_drain_life	verified
702	spell_warlock_malediction_curse	spell_warlock_malediction_curse	verified
704	spell_warlock_malediction_curse	spell_warlock_malediction_curse	verified
709	spell_warlock_drain_life	spell_warlock_drain_life	verified
724	spell_priest_lightwell	spell_priest_lightwell	verified
746	spell_item_first_aid	spell_item_first_aid	verified
755	spell_warlock_funnels	spell_warlock_funnels	verified
774	spell_druid_efflorescence	spell_druid_efflorescence	verified
802	spell_emperor_mutate_bug	spell_emperor_mutate_bug	verified
804	spell_emperor_explode_bug	spell_emperor_explode_bug	verified
905	spell_shaman_lightning_shield	spell_shaman_lightning_shield	verified
945	spell_shaman_lightning_shield	spell_shaman_lightning_shield	verified
980	spell_warlock_curse_of_agony	spell_warlock_curse_of_agony	verified
1002	spell_hunter_eyes_of_the_beast	spell_hunter_eyes_of_the_beast	verified
1008	spell_mage_amplify_dampen_magic	spell_mage_amplify_dampen_magic	verified
1010	spell_warlock_curse_of_idiocy	spell_warlock_curse_of_idiocy	verified
1014	spell_warlock_curse_of_agony	spell_warlock_curse_of_agony	verified
1020	spell_paladin_invulnerability_forbearance	spell_paladin_invulnerability_forbearance	verified
1022	spell_paladin_invulnerability_forbearance	spell_paladin_invulnerability_forbearance	verified
1058	spell_druid_efflorescence	spell_druid_efflorescence	verified
1079	spell_druid_rip	spell_druid_rip	verified
1082	spell_druid_open_wounds	spell_druid_open_wounds	verified
1098	spell_warlock_enslave_demon	spell_warlock_enslave_demon	verified
1108	spell_warlock_malediction_curse	spell_warlock_malediction_curse	verified
1120	spell_warlock_drain_soul	spell_warlock_drain_soul	verified
1122	spell_warlock_inferno	spell_warlock_inferno	verified
1159	spell_item_first_aid	spell_item_first_aid	verified
1430	spell_druid_efflorescence	spell_druid_efflorescence	verified
1454	spell_warlock_life_tap	spell_warlock_life_tap	verified
1455	spell_warlock_life_tap	spell_warlock_life_tap	verified
1456	spell_warlock_life_tap	spell_warlock_life_tap	verified
1490	spell_warlock_malediction_curse	spell_warlock_malediction_curse	verified
1495	spell_hunter_mongoose_bite	spell_hunter_mongoose_bite	verified
1499	spell_hunter_trap	spell_hunter_trap	verified
1510	spell_hunter_volley	spell_hunter_volley	verified
1714	spell_warlock_malediction_curse	spell_warlock_malediction_curse	verified
1856	spell_rogue_vanish	spell_rogue_vanish	verified
1857	spell_rogue_vanish	spell_rogue_vanish	verified
1866	spell_paladin_holy_strike	spell_paladin_holy_strike	verified
1941	spell_warlock_funnels	spell_warlock_funnels	verified
1943	spell_rogue_rupture	spell_rogue_rupture	verified
1949	spell_warlock_hellfire	spell_warlock_hellfire	verified
2070	spell_rogue_blackjack	spell_rogue_blackjack	verified
2090	spell_druid_efflorescence	spell_druid_efflorescence	verified
2091	spell_druid_efflorescence	spell_druid_efflorescence	verified
2094	spell_rogue_blackjack	spell_rogue_blackjack	verified
2098	spell_rogue_eviscerate	spell_rogue_eviscerate	verified
2495	spell_paladin_holy_strike	spell_paladin_holy_strike	verified
2537	spell_paladin_crusader_strike	spell_paladin_crusader_strike	verified
2651	spell_priest_elunes_grace	spell_priest_elunes_grace	verified
2687	spell_warrior_bloodrage	spell_warrior_bloodrage	verified
2912	spell_druid_starfire	spell_druid_starfire	verified
2947	spell_warlock_fire_shield	spell_warlock_fire_shield	verified
3029	spell_druid_open_wounds	spell_druid_open_wounds	verified
3267	spell_item_first_aid	spell_item_first_aid	verified
3268	spell_item_first_aid	spell_item_first_aid	verified
3627	spell_druid_efflorescence	spell_druid_efflorescence	verified
3698	spell_warlock_funnels	spell_warlock_funnels	verified
3699	spell_warlock_funnels	spell_warlock_funnels	verified
3700	spell_warlock_funnels	spell_warlock_funnels	verified
3747	spell_priest_power_word_shield	spell_priest_power_word_shield	verified
4060	spell_discombobulate	spell_discombobulate	verified
4071	spell_target_dummy	spell_target_dummy	verified
4072	spell_target_dummy	spell_target_dummy	verified
5143	spell_mage_arcane_missiles	spell_mage_arcane_missiles	verified
5144	spell_mage_arcane_missiles	spell_mage_arcane_missiles	verified
5145	spell_mage_arcane_missiles	spell_mage_arcane_missiles	verified
5176	spell_druid_wrath		unimplemented spell_druid_wrath
5177	spell_druid_wrath		unimplemented spell_druid_wrath
5178	spell_druid_wrath		unimplemented spell_druid_wrath
5179	spell_druid_wrath		unimplemented spell_druid_wrath
5180	spell_druid_wrath		unimplemented spell_druid_wrath
5185	spell_druid_healing_touch	spell_druid_healing_touch	verified
5186	spell_druid_healing_touch	spell_druid_healing_touch	verified
5187	spell_druid_healing_touch	spell_druid_healing_touch	verified
5188	spell_druid_healing_touch	spell_druid_healing_touch	verified
5189	spell_druid_healing_touch	spell_druid_healing_touch	verified
5201	spell_druid_open_wounds	spell_druid_open_wounds	verified
5229	spell_druid_enrage	spell_druid_enrage	verified
5246	spell_warrior_intimidating_shout	spell_warrior_intimidating_shout	verified
5308	spell_warrior_execute	spell_warrior_execute	verified
5569	spell_paladin_holy_strike	spell_paladin_holy_strike	verified
5573	spell_paladin_invulnerability_forbearance	spell_paladin_invulnerability_forbearance	verified
5599	spell_paladin_invulnerability_forbearance	spell_paladin_invulnerability_forbearance	verified
5699	spell_warlock_create_healthstone	spell_warlock_create_healthstone	verified
6065	spell_priest_power_word_shield	spell_priest_power_word_shield	verified
6066	spell_priest_power_word_shield	spell_priest_power_word_shield	verified
6201	spell_warlock_create_healthstone	spell_warlock_create_healthstone	verified
6202	spell_warlock_create_healthstone	spell_warlock_create_healthstone	verified
6205	spell_warlock_malediction_curse	spell_warlock_malediction_curse	verified
6217	spell_warlock_curse_of_agony	spell_warlock_curse_of_agony	verified
6360	spell_warlock_soothing_kiss	spell_warlock_soothing_kiss	verified
6410	spell_item_scorpid_surprise	spell_item_scorpid_surprise	verified
6572	spell_warrior_revenge	spell_warrior_revenge	verified
6574	spell_warrior_revenge	spell_warrior_revenge	verified
6760	spell_rogue_eviscerate	spell_rogue_eviscerate	verified
6761	spell_rogue_eviscerate	spell_rogue_eviscerate	verified
6762	spell_rogue_eviscerate	spell_rogue_eviscerate	verified
6770	spell_rogue_blackjack	spell_rogue_blackjack	verified
6778	spell_druid_healing_touch	spell_druid_healing_touch	verified
6780	spell_druid_wrath		unimplemented spell_druid_wrath
6789	spell_warlock_death_coil	spell_warlock_death_coil	verified
7379	spell_warrior_revenge	spell_warrior_revenge	verified
7646	spell_warlock_malediction_curse	spell_warlock_malediction_curse	verified
7651	spell_warlock_drain_life	spell_warlock_drain_life	verified
7658	spell_warlock_malediction_curse	spell_warlock_malediction_curse	verified
7659	spell_warlock_malediction_curse	spell_warlock_malediction_curse	verified
7813	spell_warlock_soothing_kiss	spell_warlock_soothing_kiss	verified
7926	spell_item_first_aid	spell_item_first_aid	verified
7927	spell_item_first_aid	spell_item_first_aid	verified
8026	spell_shaman_flametongue_proc	spell_shaman_flametongue_proc	verified
8028	spell_shaman_flametongue_proc	spell_shaman_flametongue_proc	verified
8029	spell_shaman_flametongue_proc	spell_shaman_flametongue_proc	verified
8034	spell_shaman_frostbrand_attack	spell_shaman_frostbrand_attack	verified
8037	spell_shaman_frostbrand_attack	spell_shaman_frostbrand_attack	verified
8063	spell_deviate_fish	spell_deviate_fish	verified
8072	spell_shaman_stoneskin	spell_shaman_stoneskin	verified
8134	spell_shaman_lightning_shield	spell_shaman_lightning_shield	verified
8156	spell_shaman_stoneskin	spell_shaman_stoneskin	verified
8157	spell_shaman_stoneskin	spell_shaman_stoneskin	verified
8213	spell_cooked_deviate_fish	spell_cooked_deviate_fish	verified
8248	spell_shaman_flametongue_proc	spell_shaman_flametongue_proc	verified
8253	spell_shaman_flametongue_proc	spell_shaman_flametongue_proc	verified
8288	spell_warlock_drain_soul	spell_warlock_drain_soul	verified
8289	spell_warlock_drain_soul	spell_warlock_drain_soul	verified
8316	spell_warlock_fire_shield	spell_warlock_fire_shield	verified
8317	spell_warlock_fire_shield	spell_warlock_fire_shield	verified
8342	spell_goblin_jumper_cables	spell_goblin_jumper_cables	verified
8416	spell_mage_arcane_missiles	spell_mage_arcane_missiles	verified
8417	spell_mage_arcane_missiles	spell_mage_arcane_missiles	verified
8450	spell_mage_amplify_dampen_magic_aura	spell_mage_amplify_dampen_magic_aura	verified
8451	spell_mage_amplify_dampen_magic_aura	spell_mage_amplify_dampen_magic_aura	verified
8455	spell_mage_amplify_dampen_magic_aura	spell_mage_amplify_dampen_magic_aura	verified
8623	spell_rogue_eviscerate	spell_rogue_eviscerate	verified
8624	spell_rogue_eviscerate	spell_rogue_eviscerate	verified
8639	spell_rogue_rupture	spell_rogue_rupture	verified
8640	spell_rogue_rupture	spell_rogue_rupture	verified
8823	spell_paladin_crusader_strike	spell_paladin_crusader_strike	verified
8824	spell_paladin_crusader_strike	spell_paladin_crusader_strike	verified
8903	spell_druid_healing_touch	spell_druid_healing_touch	verified
8905	spell_druid_wrath		unimplemented spell_druid_wrath
8910	spell_druid_efflorescence	spell_druid_efflorescence	verified
8936	spell_druid_efflorescence	spell_druid_efflorescence	verified
8938	spell_druid_efflorescence	spell_druid_efflorescence	verified
8939	spell_druid_efflorescence	spell_druid_efflorescence	verified
8940	spell_druid_efflorescence	spell_druid_efflorescence	verified
8941	spell_druid_efflorescence	spell_druid_efflorescence	verified
8949	spell_druid_starfire	spell_druid_starfire	verified
8950	spell_druid_starfire	spell_druid_starfire	verified
8951	spell_druid_starfire	spell_druid_starfire	verified
9033	spell_druid_shapeshift_root_snare_removal	spell_druid_shapeshift_root_snare_removal	verified
9492	spell_druid_rip	spell_druid_rip	verified
9493	spell_druid_rip	spell_druid_rip	verified
9750	spell_druid_efflorescence	spell_druid_efflorescence	verified
9752	spell_druid_rip	spell_druid_rip	verified
9758	spell_druid_healing_touch	spell_druid_healing_touch	verified
9799	spell_paladin_eye_for_an_eye	spell_paladin_eye_for_an_eye	verified
9839	spell_druid_efflorescence	spell_druid_efflorescence	verified
9840	spell_druid_efflorescence	spell_druid_efflorescence	verified
9841	spell_druid_efflorescence	spell_druid_efflorescence	verified
9849	spell_druid_open_wounds	spell_druid_open_wounds	verified
9850	spell_druid_open_wounds	spell_druid_open_wounds	verified
9856	spell_druid_efflorescence	spell_druid_efflorescence	verified
9857	spell_druid_efflorescence	spell_druid_efflorescence	verified
9858	spell_druid_efflorescence	spell_druid_efflorescence	verified
9875	spell_druid_starfire	spell_druid_starfire	verified
9876	spell_druid_starfire	spell_druid_starfire	verified
9888	spell_druid_healing_touch	spell_druid_healing_touch	verified
9889	spell_druid_healing_touch	spell_druid_healing_touch	verified
9894	spell_druid_rip	spell_druid_rip	verified
9896	spell_druid_rip	spell_druid_rip	verified
9912	spell_druid_wrath		unimplemented spell_druid_wrath
10169	spell_mage_amplify_dampen_magic_aura	spell_mage_amplify_dampen_magic_aura	verified
10211	spell_mage_arcane_missiles	spell_mage_arcane_missiles	verified
10212	spell_mage_arcane_missiles	spell_mage_arcane_missiles	verified
10258	spell_uldaman_awaken_vault_warder	spell_uldaman_awaken_vault_warder	verified
10278	spell_paladin_invulnerability_forbearance	spell_paladin_invulnerability_forbearance	verified
10332	spell_paladin_holy_strike	spell_paladin_holy_strike	verified
10333	spell_paladin_holy_strike	spell_paladin_holy_strike	verified
10336	spell_paladin_crusader_strike	spell_paladin_crusader_strike	verified
10337	spell_paladin_crusader_strike	spell_paladin_crusader_strike	verified
10403	spell_shaman_stoneskin	spell_shaman_stoneskin	verified
10404	spell_shaman_stoneskin	spell_shaman_stoneskin	verified
10405	spell_shaman_stoneskin	spell_shaman_stoneskin	verified
10431	spell_shaman_lightning_shield	spell_shaman_lightning_shield	verified
10432	spell_shaman_lightning_shield	spell_shaman_lightning_shield	verified
10445	spell_shaman_flametongue_proc	spell_shaman_flametongue_proc	verified
10458	spell_shaman_frostbrand_attack	spell_shaman_frostbrand_attack	verified
10523	spell_shaman_flametongue_proc	spell_shaman_flametongue_proc	verified
10838	spell_item_first_aid	spell_item_first_aid	verified
10839	spell_item_first_aid	spell_item_first_aid	verified
10898	spell_priest_power_word_shield	spell_priest_power_word_shield	verified
10899	spell_priest_power_word_shield	spell_priest_power_word_shield	verified
10900	spell_priest_power_word_shield	spell_priest_power_word_shield	verified
10901	spell_priest_power_word_shield	spell_priest_power_word_shield	verified
11119	spell_mage_ignite	spell_mage_ignite	verified
11120	spell_mage_ignite	spell_mage_ignite	verified
11129	spell_mage_combustion	spell_mage_combustion	verified
11185	spell_mage_improved_blizzard	spell_mage_improved_blizzard	verified
11247	spell_mage_magic_attunement	spell_mage_magic_attunement	verified
11273	spell_rogue_rupture	spell_rogue_rupture	verified
11274	spell_rogue_rupture	spell_rogue_rupture	verified
11275	spell_rogue_rupture	spell_rogue_rupture	verified
11297	spell_rogue_blackjack	spell_rogue_blackjack	verified
11299	spell_rogue_eviscerate	spell_rogue_eviscerate	verified
11300	spell_rogue_eviscerate	spell_rogue_eviscerate	verified
11600	spell_warrior_revenge	spell_warrior_revenge	verified
11601	spell_warrior_revenge	spell_warrior_revenge	verified
11675	spell_warlock_drain_soul	spell_warlock_drain_soul	verified
11683	spell_warlock_hellfire	spell_warlock_hellfire	verified
11684	spell_warlock_hellfire	spell_warlock_hellfire	verified
11687	spell_warlock_life_tap	spell_warlock_life_tap	verified
11688	spell_warlock_life_tap	spell_warlock_life_tap	verified
11689	spell_warlock_life_tap	spell_warlock_life_tap	verified
11693	spell_warlock_funnels	spell_warlock_funnels	verified
11694	spell_warlock_funnels	spell_warlock_funnels	verified
11695	spell_warlock_funnels	spell_warlock_funnels	verified
11699	spell_warlock_drain_life	spell_warlock_drain_life	verified
11700	spell_warlock_drain_life	spell_warlock_drain_life	verified
11707	spell_warlock_malediction_curse	spell_warlock_malediction_curse	verified
11708	spell_warlock_malediction_curse	spell_warlock_malediction_curse	verified
11711	spell_warlock_curse_of_agony	spell_warlock_curse_of_agony	verified
11712	spell_warlock_curse_of_agony	spell_warlock_curse_of_agony	verified
11713	spell_warlock_curse_of_agony	spell_warlock_curse_of_agony	verified
11717	spell_warlock_malediction_curse	spell_warlock_malediction_curse	verified
11719	spell_warlock_malediction_curse	spell_warlock_malediction_curse	verified
11721	spell_warlock_malediction_curse	spell_warlock_malediction_curse	verified
11722	spell_warlock_malediction_curse	spell_warlock_malediction_curse	verified
11725	spell_warlock_enslave_demon	spell_warlock_enslave_demon	verified
11726	spell_warlock_enslave_demon	spell_warlock_enslave_demon	verified
11729	spell_warlock_create_healthstone	spell_warlock_create_healthstone	verified
11730	spell_warlock_create_healthstone	spell_warlock_create_healthstone	verified
11759	spell_tanaris_field_sampling	spell_tanaris_field_sampling	verified
11760	spell_tanaris_field_sampling	spell_tanaris_field_sampling	verified
11761	spell_tanaris_field_sampling	spell_tanaris_field_sampling	verified
11770	spell_warlock_fire_shield	spell_warlock_fire_shield	verified
11771	spell_warlock_fire_shield	spell_warlock_fire_shield	verified
11784	spell_warlock_soothing_kiss	spell_warlock_soothing_kiss	verified
11785	spell_warlock_soothing_kiss	spell_warlock_soothing_kiss	verified
12042	spell_mage_arcane_power	spell_mage_arcane_power	verified
12162	spell_warrior_deep_wounds	spell_warrior_deep_wounds	verified
12292	spell_warrior_sweeping_strikes	spell_warrior_sweeping_strikes	verified
12472	spell_mage_cold_snap	spell_mage_cold_snap	verified
12487	spell_mage_improved_blizzard	spell_mage_improved_blizzard	verified
12488	spell_mage_improved_blizzard	spell_mage_improved_blizzard	verified
12654	spell_mage_ignite	spell_mage_ignite	verified
12709	spell_item_green_glow	spell_item_green_glow	verified
12766	spell_chained_essence_of_eranikus	spell_chained_essence_of_eranikus	verified
12775	spell_item_self_target_learn_spell	spell_item_self_target_learn_spell	verified
12846	spell_mage_ignite	spell_mage_ignite	verified
12847	spell_mage_ignite	spell_mage_ignite	verified
12848	spell_mage_ignite	spell_mage_ignite	verified
12850	spell_warrior_deep_wounds	spell_warrior_deep_wounds	verified
12868	spell_warrior_deep_wounds	spell_warrior_deep_wounds	verified
12964	spell_warrior_unbridled_wrath	spell_warrior_unbridled_wrath	verified
12966	spell_warrior_flurry	spell_warrior_flurry	verified
12967	spell_warrior_flurry	spell_warrior_flurry	verified
12968	spell_warrior_flurry	spell_warrior_flurry	verified
12969	spell_warrior_flurry	spell_warrior_flurry	verified
12970	spell_warrior_flurry	spell_warrior_flurry	verified
12975	spell_warrior_last_stand	spell_warrior_last_stand	verified
13120	spell_net_o_matic	spell_net_o_matic	verified
13278	spell_item_gnomish_death_ray	spell_item_gnomish_death_ray	verified
13493	spell_item_gnomish_death_ray_periodic	spell_item_gnomish_death_ray_periodic	verified
13795	spell_hunter_trap	spell_hunter_trap	verified
13797	spell_hunter_stinging_nettle_fire_trap	spell_hunter_stinging_nettle_fire_trap	verified
13809	spell_hunter_trap	spell_hunter_trap	verified
13810	spell_hunter_frost_trap_aura	spell_hunter_frost_trap_aura	verified
13812	spell_hunter_stinging_nettle_fire_trap	spell_hunter_stinging_nettle_fire_trap	verified
13813	spell_hunter_trap	spell_hunter_trap	verified
13877	spell_rogue_blade_flurry	spell_rogue_blade_flurry	verified
13983	spell_rogue_setup	spell_rogue_setup	verified
14070	spell_rogue_setup	spell_rogue_setup	verified
14071	spell_rogue_setup	spell_rogue_setup	verified
14079	spell_rogue_improved_ambush	spell_rogue_improved_ambush	verified
14080	spell_rogue_improved_ambush	spell_rogue_improved_ambush	verified
14081	spell_rogue_improved_ambush	spell_rogue_improved_ambush	verified
14093	spell_rogue_improved_sap_vanish	spell_rogue_improved_sap_vanish	verified
14185	spell_rogue_preparation	spell_rogue_preparation	verified
14269	spell_hunter_mongoose_bite	spell_hunter_mongoose_bite	verified
14270	spell_hunter_mongoose_bite	spell_hunter_mongoose_bite	verified
14271	spell_hunter_mongoose_bite	spell_hunter_mongoose_bite	verified
14294	spell_hunter_volley	spell_hunter_volley	verified
14295	spell_hunter_volley	spell_hunter_volley	verified
14298	spell_hunter_stinging_nettle_fire_trap	spell_hunter_stinging_nettle_fire_trap	verified
14299	spell_hunter_stinging_nettle_fire_trap	spell_hunter_stinging_nettle_fire_trap	verified
14300	spell_hunter_stinging_nettle_fire_trap	spell_hunter_stinging_nettle_fire_trap	verified
14301	spell_hunter_stinging_nettle_fire_trap	spell_hunter_stinging_nettle_fire_trap	verified
14302	spell_hunter_trap	spell_hunter_trap	verified
14303	spell_hunter_trap	spell_hunter_trap	verified
14304	spell_hunter_trap	spell_hunter_trap	verified
14305	spell_hunter_trap	spell_hunter_trap	verified
14310	spell_hunter_trap	spell_hunter_trap	verified
14311	spell_hunter_trap	spell_hunter_trap	verified
14314	spell_hunter_stinging_nettle_fire_trap	spell_hunter_stinging_nettle_fire_trap	verified
14315	spell_hunter_stinging_nettle_fire_trap	spell_hunter_stinging_nettle_fire_trap	verified
14316	spell_hunter_trap	spell_hunter_trap	verified
14317	spell_hunter_trap	spell_hunter_trap	verified
14892	spell_priest_inspiration	spell_priest_inspiration	verified
15058	spell_mage_arcane_instability	spell_mage_arcane_instability	verified
15059	spell_mage_arcane_instability	spell_mage_arcane_instability	verified
15060	spell_mage_arcane_instability	spell_mage_arcane_instability	verified
15237	spell_priest_holy_nova	spell_priest_holy_nova	verified
15286	spell_priest_vampiric_embrace	spell_priest_vampiric_embrace	verified
15362	spell_priest_inspiration	spell_priest_inspiration	verified
15363	spell_priest_inspiration	spell_priest_inspiration	verified
15364	spell_priest_inspiration	spell_priest_inspiration	verified
15365	spell_priest_inspiration	spell_priest_inspiration	verified
15430	spell_priest_holy_nova	spell_priest_holy_nova	verified
15431	spell_priest_holy_nova	spell_priest_holy_nova	verified
15712	spell_item_linkens_boomerang	spell_item_linkens_boomerang	verified
15735	spell_mage_arcane_missiles	spell_mage_arcane_missiles	verified
15748	spell_ubrs_freeze_rookery_egg	spell_ubrs_freeze_rookery_egg	verified
15790	spell_mage_arcane_missiles	spell_mage_arcane_missiles	verified
16028	spell_ubrs_freeze_rookery_egg	spell_ubrs_freeze_rookery_egg	verified
16072	spell_purify_and_place_food	spell_purify_and_place_food	verified
16086	spell_shaman_improved_fire_totems	spell_shaman_improved_fire_totems	verified
16191	spell_shaman_mana_tide	spell_shaman_mana_tide	verified
16266	spell_shaman_elemental_weapons	spell_shaman_elemental_weapons	verified
16336	spell_haunting_phantoms	spell_haunting_phantoms	verified
16343	spell_shaman_flametongue_proc	spell_shaman_flametongue_proc	verified
16344	spell_shaman_flametongue_proc	spell_shaman_flametongue_proc	verified
16352	spell_shaman_frostbrand_attack	spell_shaman_frostbrand_attack	verified
16353	spell_shaman_frostbrand_attack	spell_shaman_frostbrand_attack	verified
16381	spell_rockwing_gargoyle	spell_rockwing_gargoyle	verified
16389	spell_shaman_flametongue_proc	spell_shaman_flametongue_proc	verified
16544	spell_shaman_improved_fire_totems	spell_shaman_improved_fire_totems	verified
16589	spell_noggenfogger_elixir	spell_noggenfogger_elixir	verified
16998	spell_druid_carnage	spell_druid_carnage	verified
16999	spell_druid_carnage	spell_druid_carnage	verified
17166	spell_release_umis_yeti	spell_release_umis_yeti	verified
17271	spell_test_fetid_skull	spell_test_fetid_skull	verified
17770	spell_item_wolfshead_helm	spell_item_wolfshead_helm	verified
17793	spell_warlock_shadow_vulnerability	spell_warlock_shadow_vulnerability	verified
17796	spell_warlock_shadow_vulnerability	spell_warlock_shadow_vulnerability	verified
17801	spell_warlock_shadow_vulnerability	spell_warlock_shadow_vulnerability	verified
17802	spell_warlock_shadow_vulnerability	spell_warlock_shadow_vulnerability	verified
17803	spell_warlock_shadow_vulnerability	spell_warlock_shadow_vulnerability	verified
17862	spell_warlock_malediction_curse	spell_warlock_malediction_curse	verified
17925	spell_warlock_death_coil	spell_warlock_death_coil	verified
17926	spell_warlock_death_coil	spell_warlock_death_coil	verified
17937	spell_warlock_malediction_curse	spell_warlock_malediction_curse	verified
17962	spell_warlock_conflagrate	spell_warlock_conflagrate	verified
18073	spell_warlock_pyroclasm	spell_warlock_pyroclasm	verified
18096	spell_warlock_pyroclasm	spell_warlock_pyroclasm	verified
18119	spell_warlock_consequences	spell_warlock_consequences	verified
18120	spell_warlock_consequences	spell_warlock_consequences	verified
18121	spell_warlock_consequences	spell_warlock_consequences	verified
18122	spell_warlock_consequences	spell_warlock_consequences	verified
18123	spell_warlock_consequences	spell_warlock_consequences	verified
18137	spell_priest_shadowguard	spell_priest_shadowguard	verified
18153	spell_kodo_kombobulator	spell_kodo_kombobulator	verified
18223	spell_warlock_malediction_curse	spell_warlock_malediction_curse	verified
18350	spell_item_earthshatterer_t3	spell_item_earthshatterer_t3	verified
18371	spell_warlock_soul_siphon	spell_warlock_soul_siphon	verified
18462	spell_mage_arcane_meditation	spell_mage_arcane_meditation	verified
18463	spell_mage_arcane_meditation	spell_mage_arcane_meditation	verified
18464	spell_mage_arcane_meditation	spell_mage_arcane_meditation	verified
18540	spell_warlock_ritual_of_doom	spell_warlock_ritual_of_doom	verified
18541	spell_warlock_summon_doomguard	spell_warlock_summon_doomguard	verified
18562	spell_druid_swiftmend	spell_druid_swiftmend	verified
18608	spell_item_first_aid	spell_item_first_aid	verified
18610	spell_item_first_aid	spell_item_first_aid	verified
18662	spell_warlock_summon_doomguard	spell_warlock_summon_doomguard	verified
18765	spell_warrior_sweeping_strikes	spell_warrior_sweeping_strikes	verified
18788	spell_warlock_demonic_sacrifice	spell_warlock_demonic_sacrifice	verified
18789	spell_warlock_demonic_sacrifice	spell_warlock_demonic_sacrifice	verified
18790	spell_warlock_demonic_sacrifice	spell_warlock_demonic_sacrifice	verified
18791	spell_warlock_demonic_sacrifice	spell_warlock_demonic_sacrifice	verified
18792	spell_warlock_demonic_sacrifice	spell_warlock_demonic_sacrifice	verified
18930	spell_warlock_conflagrate	spell_warlock_conflagrate	verified
18931	spell_warlock_conflagrate	spell_warlock_conflagrate	verified
18932	spell_warlock_conflagrate	spell_warlock_conflagrate	verified
19289	spell_priest_elunes_grace	spell_priest_elunes_grace	verified
19291	spell_priest_elunes_grace	spell_priest_elunes_grace	verified
19292	spell_priest_elunes_grace	spell_priest_elunes_grace	verified
19293	spell_priest_elunes_grace	spell_priest_elunes_grace	verified
19306	spell_hunter_counterattack	spell_hunter_counterattack	verified
19308	spell_priest_shadowguard	spell_priest_shadowguard	verified
19309	spell_priest_shadowguard	spell_priest_shadowguard	verified
19310	spell_priest_shadowguard	spell_priest_shadowguard	verified
19311	spell_priest_shadowguard	spell_priest_shadowguard	verified
19312	spell_priest_shadowguard	spell_priest_shadowguard	verified
19434	spell_hunter_aimed_shot	spell_hunter_aimed_shot	verified
19505	spell_warlock_devour_magic	spell_warlock_devour_magic	verified
19549	spell_hunter_improved_primal_aspects	spell_hunter_improved_primal_aspects	verified
19550	spell_hunter_improved_primal_aspects	spell_hunter_improved_primal_aspects	verified
19551	spell_hunter_improved_primal_aspects	spell_hunter_improved_primal_aspects	verified
19552	spell_hunter_swift_aspects	spell_hunter_swift_aspects	verified
19553	spell_hunter_swift_aspects	spell_hunter_swift_aspects	verified
19554	spell_hunter_swift_aspects	spell_hunter_swift_aspects	verified
19555	spell_hunter_swift_aspects	spell_hunter_swift_aspects	verified
19556	spell_hunter_swift_aspects	spell_hunter_swift_aspects	verified
19572	spell_hunter_improved_mend_pet	spell_hunter_improved_mend_pet	verified
19573	spell_hunter_improved_mend_pet	spell_hunter_improved_mend_pet	verified
19574	spell_hunter_bestial_wrath	spell_hunter_bestial_wrath	verified
19731	spell_warlock_devour_magic	spell_warlock_devour_magic	verified
19734	spell_warlock_devour_magic	spell_warlock_devour_magic	verified
19736	spell_warlock_devour_magic	spell_warlock_devour_magic	verified
19750	spell_paladin_flash_of_light	spell_paladin_flash_of_light	verified
19805	spell_target_dummy	spell_target_dummy	verified
19939	spell_paladin_flash_of_light	spell_paladin_flash_of_light	verified
19940	spell_paladin_flash_of_light	spell_paladin_flash_of_light	verified
19941	spell_paladin_flash_of_light	spell_paladin_flash_of_light	verified
19942	spell_paladin_flash_of_light	spell_paladin_flash_of_light	verified
19943	spell_paladin_flash_of_light	spell_paladin_flash_of_light	verified
20050	spell_paladin_vengeance	spell_paladin_vengeance	verified
20052	spell_paladin_vengeance	spell_paladin_vengeance	verified
20053	spell_paladin_vengeance	spell_paladin_vengeance	verified
20054	spell_paladin_vengeance	spell_paladin_vengeance	verified
20055	spell_paladin_vengeance	spell_paladin_vengeance	verified
20116	spell_paladin_consecration	spell_paladin_consecration	verified
20148	spell_paladin_shield_specialization	spell_paladin_shield_specialization	verified
20149	spell_paladin_shield_specialization	spell_paladin_shield_specialization	verified
20150	spell_paladin_shield_specialization	spell_paladin_shield_specialization	verified
20154	spell_paladin_seal_of_righteousness	spell_paladin_seal_of_righteousness	verified
20178	spell_paladin_reckoning	spell_paladin_reckoning	verified
20185	spell_paladin_judgement_of_light_wisdom	spell_paladin_judgement_of_light_wisdom	verified
20186	spell_paladin_judgement_of_light_wisdom	spell_paladin_judgement_of_light_wisdom	verified
20188	spell_paladin_judgement_of_the_crusader	spell_paladin_judgement_of_the_crusader	verified
20210	spell_paladin_illumination	spell_paladin_illumination	verified
20212	spell_paladin_illumination	spell_paladin_illumination	verified
20213	spell_paladin_illumination	spell_paladin_illumination	verified
20214	spell_paladin_illumination	spell_paladin_illumination	verified
20215	spell_paladin_illumination	spell_paladin_illumination	verified
20230	spell_warrior_retaliation	spell_warrior_retaliation	verified
20231	spell_paladin_seal_of_fury_proc	spell_paladin_seal_of_fury_proc	verified
20234	spell_paladin_improved_lay_on_hands	spell_paladin_improved_lay_on_hands	verified
20235	spell_paladin_improved_lay_on_hands	spell_paladin_improved_lay_on_hands	verified
20267	spell_paladin_judgement_of_light_wisdom	spell_paladin_judgement_of_light_wisdom	verified
20271	spell_paladin_judgement	spell_paladin_judgement	verified
20287	spell_paladin_seal_of_righteousness	spell_paladin_seal_of_righteousness	verified
20288	spell_paladin_seal_of_righteousness	spell_paladin_seal_of_righteousness	verified
20289	spell_paladin_seal_of_righteousness	spell_paladin_seal_of_righteousness	verified
20290	spell_paladin_seal_of_righteousness	spell_paladin_seal_of_righteousness	verified
20291	spell_paladin_seal_of_righteousness	spell_paladin_seal_of_righteousness	verified
20292	spell_paladin_seal_of_righteousness	spell_paladin_seal_of_righteousness	verified
20293	spell_paladin_seal_of_righteousness	spell_paladin_seal_of_righteousness	verified
20300	spell_paladin_judgement_of_the_crusader	spell_paladin_judgement_of_the_crusader	verified
20301	spell_paladin_judgement_of_the_crusader	spell_paladin_judgement_of_the_crusader	verified
20302	spell_paladin_judgement_of_the_crusader	spell_paladin_judgement_of_the_crusader	verified
20303	spell_paladin_judgement_of_the_crusader	spell_paladin_judgement_of_the_crusader	verified
20341	spell_paladin_judgement_of_light_wisdom	spell_paladin_judgement_of_light_wisdom	verified
20342	spell_paladin_judgement_of_light_wisdom	spell_paladin_judgement_of_light_wisdom	verified
20343	spell_paladin_judgement_of_light_wisdom	spell_paladin_judgement_of_light_wisdom	verified
20344	spell_paladin_judgement_of_light_wisdom	spell_paladin_judgement_of_light_wisdom	verified
20345	spell_paladin_judgement_of_light_wisdom	spell_paladin_judgement_of_light_wisdom	verified
20346	spell_paladin_judgement_of_light_wisdom	spell_paladin_judgement_of_light_wisdom	verified
20354	spell_paladin_judgement_of_light_wisdom	spell_paladin_judgement_of_light_wisdom	verified
20355	spell_paladin_judgement_of_light_wisdom	spell_paladin_judgement_of_light_wisdom	verified
20375	spell_paladin_conviction_seals	spell_paladin_conviction_seals	verified
20415	spell_paladin_seal_of_fury_proc	spell_paladin_seal_of_fury_proc	verified
20416	spell_paladin_seal_of_fury_proc	spell_paladin_seal_of_fury_proc	verified
20417	spell_paladin_seal_of_fury_proc	spell_paladin_seal_of_fury_proc	verified
20418	spell_paladin_seal_of_fury_proc	spell_paladin_seal_of_fury_proc	verified
20425	spell_paladin_judgement_of_command_dummy	spell_paladin_judgement_of_command_dummy	verified
20467	spell_paladin_judgement_of_command	spell_paladin_judgement_of_command	verified
20473	spell_paladin_holy_shock	spell_paladin_holy_shock	verified
20577	spell_cannibalize	spell_cannibalize	verified
20578	spell_cannibalize_aura	spell_cannibalize_aura	verified
20580	spell_shadowmeld	spell_shadowmeld	verified
20594	spell_stoneform	spell_stoneform	verified
20647	spell_warrior_execute_trigger	spell_warrior_execute_trigger	verified
20658	spell_warrior_execute	spell_warrior_execute	verified
20660	spell_warrior_execute	spell_warrior_execute	verified
20661	spell_warrior_execute	spell_warrior_execute	verified
20662	spell_warrior_execute	spell_warrior_execute	verified
20865	spell_shaman_rockbiter_proc	spell_shaman_rockbiter_proc	verified
20866	spell_shaman_rockbiter_proc	spell_shaman_rockbiter_proc	verified
20867	spell_shaman_rockbiter_proc	spell_shaman_rockbiter_proc	verified
20868	spell_shaman_rockbiter_proc	spell_shaman_rockbiter_proc	verified
20870	spell_shaman_rockbiter_proc	spell_shaman_rockbiter_proc	verified
20871	spell_shaman_rockbiter_proc	spell_shaman_rockbiter_proc	verified
20882	spell_warlock_enslave_demon	spell_warlock_enslave_demon	verified
20900	spell_hunter_aimed_shot	spell_hunter_aimed_shot	verified
20901	spell_hunter_aimed_shot	spell_hunter_aimed_shot	verified
20902	spell_hunter_aimed_shot	spell_hunter_aimed_shot	verified
20903	spell_hunter_aimed_shot	spell_hunter_aimed_shot	verified
20904	spell_hunter_aimed_shot	spell_hunter_aimed_shot	verified
20909	spell_hunter_counterattack	spell_hunter_counterattack	verified
20910	spell_hunter_counterattack	spell_hunter_counterattack	verified
20915	spell_paladin_conviction_seals	spell_paladin_conviction_seals	verified
20918	spell_paladin_conviction_seals	spell_paladin_conviction_seals	verified
20919	spell_paladin_conviction_seals	spell_paladin_conviction_seals	verified
20920	spell_paladin_conviction_seals	spell_paladin_conviction_seals	verified
20922	spell_paladin_consecration	spell_paladin_consecration	verified
20923	spell_paladin_consecration	spell_paladin_consecration	verified
20924	spell_paladin_consecration	spell_paladin_consecration	verified
20929	spell_paladin_holy_shock	spell_paladin_holy_shock	verified
20930	spell_paladin_holy_shock	spell_paladin_holy_shock	verified
20961	spell_paladin_judgement_of_command_dummy	spell_paladin_judgement_of_command_dummy	verified
20962	spell_paladin_judgement_of_command_dummy	spell_paladin_judgement_of_command_dummy	verified
20963	spell_paladin_judgement_of_command	spell_paladin_judgement_of_command	verified
20964	spell_paladin_judgement_of_command	spell_paladin_judgement_of_command	verified
20965	spell_paladin_judgement_of_command	spell_paladin_judgement_of_command	verified
20966	spell_paladin_judgement_of_command	spell_paladin_judgement_of_command	verified
20967	spell_paladin_judgement_of_command_dummy	spell_paladin_judgement_of_command_dummy	verified
20968	spell_paladin_judgement_of_command_dummy	spell_paladin_judgement_of_command_dummy	verified
21050	spell_melodious_rapture	spell_melodious_rapture	verified
21084	spell_paladin_seal_of_righteousness	spell_paladin_seal_of_righteousness	verified
21183	spell_paladin_judgement_of_the_crusader	spell_paladin_judgement_of_the_crusader	verified
21544	spell_alterac_shredder	spell_alterac_shredder	verified
21565	spell_alterac_shredder	spell_alterac_shredder	verified
21651	spell_battleground_banner_open	spell_battleground_banner_open	verified
21972	spell_druid_thorns_explosion	spell_druid_thorns_explosion	verified
21977	spell_warrior_warriors_wrath	spell_warrior_warriors_wrath	verified
22272	spell_mage_arcane_missiles	spell_mage_arcane_missiles	verified
22557	spell_druid_ferocious_bite	spell_druid_ferocious_bite	verified
22568	spell_druid_ferocious_bite	spell_druid_ferocious_bite	verified
22801	spell_shaman_ghost_wolf_speed	spell_shaman_ghost_wolf_speed	verified
22827	spell_druid_ferocious_bite	spell_druid_ferocious_bite	verified
22828	spell_druid_ferocious_bite	spell_druid_ferocious_bite	verified
22829	spell_druid_ferocious_bite	spell_druid_ferocious_bite	verified
22842	spell_druid_frenzied_regeneration	spell_druid_frenzied_regeneration	verified
22895	spell_druid_frenzied_regeneration	spell_druid_frenzied_regeneration	verified
22896	spell_druid_frenzied_regeneration	spell_druid_frenzied_regeneration	verified
22999	spell_goblin_jumper_cables_xl	spell_goblin_jumper_cables_xl	verified
23074	spell_mechanical_companion	spell_mechanical_companion	verified
23075	spell_mechanical_companion	spell_mechanical_companion	verified
23076	spell_mechanical_companion	spell_mechanical_companion	verified
23133	spell_mechanical_companion	spell_mechanical_companion	verified
23134	spell_goblin_bomb_dispenser	spell_goblin_bomb_dispenser	verified
23138	spell_shazzrah_gate	spell_shazzrah_gate	verified
23206	spell_simone_seductress_chain_lightning	spell_simone_seductress_chain_lightning	verified
23401	spell_item_corrupted_healing	spell_item_corrupted_healing	verified
23424	spell_nefarian_corrupted_totems	spell_nefarian_corrupted_totems	verified
23442	spell_item_everlook_transporter	spell_item_everlook_transporter	verified
23448	spell_gadgetzan_transporter	spell_gadgetzan_transporter	verified
23453	spell_gadgetzan_transporter	spell_gadgetzan_transporter	verified
23455	spell_priest_holy_nova	spell_priest_holy_nova	verified
23458	spell_priest_holy_nova	spell_priest_holy_nova	verified
23459	spell_priest_holy_nova	spell_priest_holy_nova	verified
23551	spell_item_ten_storms_lightning_shield	spell_item_ten_storms_lightning_shield	verified
23552	spell_item_ten_storms_lightning_shield	spell_item_ten_storms_lightning_shield	verified
23567	spell_item_first_aid	spell_item_first_aid	verified
23568	spell_item_first_aid	spell_item_first_aid	verified
23569	spell_item_first_aid	spell_item_first_aid	verified
23572	spell_item_mana_surge	spell_item_mana_surge	verified
23582	spell_rogue_clean_escape	spell_rogue_clean_escape	verified
23602	spell_warrior_shield_specialization	spell_warrior_shield_specialization	verified
23696	spell_item_first_aid	spell_item_first_aid	verified
23735	spell_sayges_dark_fortune	spell_sayges_dark_fortune	verified
23736	spell_sayges_dark_fortune	spell_sayges_dark_fortune	verified
23737	spell_sayges_dark_fortune	spell_sayges_dark_fortune	verified
23738	spell_sayges_dark_fortune	spell_sayges_dark_fortune	verified
23766	spell_sayges_dark_fortune	spell_sayges_dark_fortune	verified
23767	spell_sayges_dark_fortune	spell_sayges_dark_fortune	verified
23768	spell_sayges_dark_fortune	spell_sayges_dark_fortune	verified
23769	spell_sayges_dark_fortune	spell_sayges_dark_fortune	verified
23852	spell_item_jubling_cooldown	spell_item_jubling_cooldown	verified
23881	spell_warrior_bloodthirst	spell_warrior_bloodthirst	verified
23892	spell_warrior_bloodthirst	spell_warrior_bloodthirst	verified
23893	spell_warrior_bloodthirst	spell_warrior_bloodthirst	verified
23894	spell_warrior_bloodthirst	spell_warrior_bloodthirst	verified
23922	spell_warrior_shield_slam	spell_warrior_shield_slam	verified
23923	spell_warrior_shield_slam	spell_warrior_shield_slam	verified
23924	spell_warrior_shield_slam	spell_warrior_shield_slam	verified
23925	spell_warrior_shield_slam	spell_warrior_shield_slam	verified
23989	spell_hunter_readiness	spell_hunter_readiness	verified
24187	spell_druid_open_wounds	spell_druid_open_wounds	verified
24239	spell_paladin_hammer_of_wrath	spell_paladin_hammer_of_wrath	verified
24274	spell_paladin_hammer_of_wrath	spell_paladin_hammer_of_wrath	verified
24275	spell_paladin_hammer_of_wrath	spell_paladin_hammer_of_wrath	verified
24340	spell_meteor	spell_meteor	verified
24412	spell_item_first_aid	spell_item_first_aid	verified
24413	spell_item_first_aid	spell_item_first_aid	verified
24414	spell_item_first_aid	spell_item_first_aid	verified
24531	spell_hunter_refocus	spell_hunter_refocus	verified
24590	spell_item_brittle_armor_remove_stack	spell_item_brittle_armor_remove_stack	verified
24670	spell_warlock_inferno	spell_warlock_inferno	verified
24714	spell_item_trick	spell_item_trick	verified
24717	spell_item_hallowed_wand	spell_item_hallowed_wand	verified
24718	spell_item_hallowed_wand	spell_item_hallowed_wand	verified
24719	spell_item_hallowed_wand	spell_item_hallowed_wand	verified
24720	spell_item_hallowed_wand	spell_item_hallowed_wand	verified
24731	spell_item_cannon_fire	spell_item_cannon_fire	verified
24737	spell_item_hallowed_wand	spell_item_hallowed_wand	verified
24742	spell_item_magic_wings	spell_item_magic_wings	verified
24751	spell_item_trick_or_treat	spell_item_trick_or_treat	verified
24781	spell_emerald_dragons_dream_fog	spell_emerald_dragons_dream_fog	verified
24933	spell_darkmoon_steam_tonk_cannon	spell_darkmoon_steam_tonk_cannon	verified
24937	spell_controlling_steam_tonk	spell_controlling_steam_tonk	verified
25026	spell_activate_mg_turret	spell_activate_mg_turret	verified
25027	spell_flamethrower	spell_flamethrower	verified
25288	spell_warrior_revenge	spell_warrior_revenge	verified
25297	spell_druid_healing_touch	spell_druid_healing_touch	verified
25298	spell_druid_starfire	spell_druid_starfire	verified
25299	spell_druid_efflorescence	spell_druid_efflorescence	verified
25345	spell_mage_arcane_missiles	spell_mage_arcane_missiles	verified
25599	spell_rajaxx_thundercrash	spell_rajaxx_thundercrash	verified
25676	spell_aq20_drain_mana	spell_aq20_drain_mana	verified
25677	spell_snowball_knockback	spell_snowball_knockback	verified
25713	spell_paladin_seal_of_righteousness	spell_paladin_seal_of_righteousness	verified
25715	spell_paladin_seal_of_righteousness	spell_paladin_seal_of_righteousness	verified
25720	spell_decoy_place_loot	spell_decoy_place_loot	verified
25727	spell_paladin_seal_of_righteousness	spell_paladin_seal_of_righteousness	verified
25728	spell_paladin_seal_of_righteousness	spell_paladin_seal_of_righteousness	verified
25729	spell_paladin_seal_of_righteousness	spell_paladin_seal_of_righteousness	verified
25730	spell_paladin_seal_of_righteousness	spell_paladin_seal_of_righteousness	verified
25731	spell_paladin_seal_of_righteousness	spell_paladin_seal_of_righteousness	verified
25732	spell_paladin_seal_of_righteousness	spell_paladin_seal_of_righteousness	verified
25733	spell_paladin_seal_of_righteousness	spell_paladin_seal_of_righteousness	verified
25734	spell_paladin_seal_of_righteousness	spell_paladin_seal_of_righteousness	verified
25735	spell_paladin_seal_of_righteousness	spell_paladin_seal_of_righteousness	verified
25736	spell_paladin_seal_of_righteousness	spell_paladin_seal_of_righteousness	verified
25737	spell_paladin_seal_of_righteousness	spell_paladin_seal_of_righteousness	verified
25738	spell_paladin_seal_of_righteousness	spell_paladin_seal_of_righteousness	verified
25739	spell_paladin_seal_of_righteousness	spell_paladin_seal_of_righteousness	verified
25740	spell_paladin_seal_of_righteousness	spell_paladin_seal_of_righteousness	verified
25741	spell_paladin_seal_of_righteousness	spell_paladin_seal_of_righteousness	verified
25742	spell_paladin_seal_of_righteousness	spell_paladin_seal_of_righteousness	verified
25754	spell_aq20_drain_mana	spell_aq20_drain_mana	verified
25860	spell_reindeer_transformation	spell_reindeer_transformation	verified
25863	spell_item_aq40_battle_tank	spell_item_aq40_battle_tank	verified
25953	spell_item_aq40_battle_tank	spell_item_aq40_battle_tank	verified
25988	spell_paladin_eye_for_an_eye	spell_paladin_eye_for_an_eye	verified
26052	spell_huhuran_poison_bolt_volley	spell_huhuran_poison_bolt_volley	verified
26054	spell_item_aq40_battle_tank	spell_item_aq40_battle_tank	verified
26055	spell_item_aq40_battle_tank	spell_item_aq40_battle_tank	verified
26056	spell_item_aq40_battle_tank	spell_item_aq40_battle_tank	verified
26169	spell_item_oracle_healing_bonus	spell_item_oracle_healing_bonus	verified
26180	spell_hunter_wyvern_sting	spell_hunter_wyvern_sting	verified
26374	spell_item_elunes_candle	spell_item_elunes_candle	verified
26391	spell_vanquished_tentacle_of_cthun	spell_vanquished_tentacle_of_cthun	verified
26457	spell_aq40_drain_mana	spell_aq40_drain_mana	verified
26465	spell_item_mercurial_shield_remove_stack	spell_item_mercurial_shield_remove_stack	verified
26467	spell_item_persistent_shield	spell_item_persistent_shield	verified
26558	spell_meteor	spell_meteor	verified
26559	spell_aq40_drain_mana	spell_aq40_drain_mana	verified
26573	spell_paladin_consecration	spell_paladin_consecration	verified
26656	spell_summon_black_qiraji_battle_tank	spell_summon_black_qiraji_battle_tank	verified
26789	spell_meteor	spell_meteor	verified
27230	spell_warlock_create_healthstone	<absent>	upstream healthstone binding points to pet-damage aura
27433	spell_forbidden_capital_restriction	spell_forbidden_capital_restriction	verified
27557	spell_druid_ferocious_bite	spell_druid_ferocious_bite	verified
27607	spell_priest_power_word_shield	spell_priest_power_word_shield	verified
27617	spell_rogue_vanish	spell_rogue_vanish	verified
27632	spell_hunter_aimed_shot	spell_hunter_aimed_shot	verified
27799	spell_priest_holy_nova	spell_priest_holy_nova	verified
27800	spell_priest_holy_nova	spell_priest_holy_nova	verified
27801	spell_priest_holy_nova	spell_priest_holy_nova	verified
27803	spell_priest_holy_nova	spell_priest_holy_nova	verified
27804	spell_priest_holy_nova	spell_priest_holy_nova	verified
27805	spell_priest_holy_nova	spell_priest_holy_nova	verified
27811	spell_priest_blessed_recovery	spell_priest_blessed_recovery	verified
27812	spell_kelthuzad_void_blast	spell_kelthuzad_void_blast	verified
27815	spell_priest_blessed_recovery	spell_priest_blessed_recovery	verified
27816	spell_priest_blessed_recovery	spell_priest_blessed_recovery	verified
27831	spell_unrelenting_rider_shadow_bolt_volley	spell_unrelenting_rider_shadow_bolt_volley	verified
27850	spell_paladin_improved_devotion_aura	spell_paladin_improved_devotion_aura	verified
28059	spell_thaddius_positive_charge_aura	spell_thaddius_positive_charge_aura	verified
28062	spell_thaddius_positive_charge	spell_thaddius_positive_charge	verified
28084	spell_thaddius_negative_charge_aura	spell_thaddius_negative_charge_aura	verified
28085	spell_thaddius_negative_charge	spell_thaddius_negative_charge	verified
28169	spell_mutating_injection	spell_mutating_injection	verified
28206	spell_grobbulus_mutagen_explosion	spell_grobbulus_mutagen_explosion	verified
28241	spell_grobbulus_cloud_poison	spell_grobbulus_cloud_poison	verified
28282	spell_ashbringer	spell_ashbringer	verified
28337	spell_thaddius_magnetic_pull	spell_thaddius_magnetic_pull	verified
28375	spell_gluth_decimate	spell_gluth_decimate	verified
28434	spell_maexxna_spider_web	spell_maexxna_spider_web	verified
28535	spell_sapphiron_ice_block	spell_sapphiron_ice_block	verified
28542	spell_sapphiron_life_drain	spell_sapphiron_life_drain	verified
28598	spell_priest_touch_of_weakness_trigger	spell_priest_touch_of_weakness_trigger	verified
28716	spell_item_dreamwalker_rejuvenation	spell_item_dreamwalker_rejuvenation	verified
28719	spell_item_dreamwalker_healing_touch	spell_item_dreamwalker_healing_touch	verified
28744	spell_item_dreamwalker_regrowth	spell_item_dreamwalker_regrowth	verified
28789	spell_item_holy_power	spell_item_holy_power	verified
28796	spell_faerlina_poison_bolt_volley	spell_faerlina_poison_bolt_volley	verified
28809	spell_item_greater_heal_t3	spell_item_greater_heal_t3	verified
28820	spell_item_earthshatterer_t3_aura	spell_item_earthshatterer_t3_aura	verified
28823	spell_item_totemic_power	spell_item_totemic_power	verified
28845	spell_warlock_cheat_death	spell_warlock_cheat_death	verified
28847	spell_item_healing_touch_refund	spell_item_healing_touch_refund	verified
28849	spell_item_lesser_healing_wave_relic	spell_item_lesser_healing_wave_relic	verified
28884	spell_meteor	spell_meteor	verified
29074	spell_mage_master_of_elements	spell_mage_master_of_elements	verified
29075	spell_mage_master_of_elements	spell_mage_master_of_elements	verified
29076	spell_mage_master_of_elements	spell_mage_master_of_elements	verified
29079	spell_shaman_elemental_weapons	spell_shaman_elemental_weapons	verified
29080	spell_shaman_elemental_weapons	spell_shaman_elemental_weapons	verified
29153	spell_gargoyle_stoneform	spell_gargoyle_stoneform	verified
29201	spell_loatheb_corrupted_mind	spell_loatheb_corrupted_mind	verified
29203	spell_shaman_healing_way	spell_shaman_healing_way	verified
29213	spell_noth_curse_of_the_plaguebringer	spell_noth_curse_of_the_plaguebringer	verified
29284	spell_item_brittle_armor	spell_item_brittle_armor	verified
29286	spell_item_mercurial_shield	spell_item_mercurial_shield	verified
29310	spell_heigan_mana_burn	spell_heigan_mana_burn	verified
29441	spell_mage_magic_absorption	spell_mage_magic_absorption	verified
29444	spell_mage_magic_absorption	spell_mage_magic_absorption	verified
29445	spell_mage_magic_absorption	spell_mage_magic_absorption	verified
29446	spell_mage_magic_absorption	spell_mage_magic_absorption	verified
29447	spell_mage_magic_absorption	spell_mage_magic_absorption	verified
29484	spell_maexxna_web_spray	spell_maexxna_web_spray	verified
29519	spell_silithyst	spell_silithyst	verified
29999	spell_item_jukebox	spell_item_jukebox	verified
30020	spell_item_first_aid	spell_item_first_aid	verified
30146	spell_warlock_summon_felguard	spell_warlock_summon_felguard	verified
31016	spell_rogue_eviscerate	spell_rogue_eviscerate	verified
31018	spell_druid_ferocious_bite	spell_druid_ferocious_bite	verified
31960	spell_item_illusion	spell_item_illusion	verified
31961	spell_item_illusion	spell_item_illusion	verified
31962	spell_item_illusion	spell_item_illusion	verified
31963	spell_item_illusion	spell_item_illusion	verified
31964	spell_item_illusion	spell_item_illusion	verified
31965	spell_item_illusion	spell_item_illusion	verified
31966	spell_item_illusion	spell_item_illusion	verified
31967	spell_item_illusion	spell_item_illusion	verified
31968	spell_item_illusion	spell_item_illusion	verified
31969	spell_item_illusion	spell_item_illusion	verified
31970	spell_item_illusion	spell_item_illusion	verified
31971	spell_item_illusion	spell_item_illusion	verified
31972	spell_item_illusion	spell_item_illusion	verified
31973	spell_item_illusion	spell_item_illusion	verified
31974	spell_item_illusion	spell_item_illusion	verified
31975	spell_item_illusion	spell_item_illusion	verified
31976	spell_item_illusion	spell_item_illusion	verified
31977	spell_item_illusion	spell_item_illusion	verified
31978	spell_item_illusion	spell_item_illusion	verified
31979	spell_item_illusion	spell_item_illusion	verified
31980	spell_item_illusion	spell_item_illusion	verified
31981	spell_item_illusion	spell_item_illusion	verified
31982	spell_item_illusion	spell_item_illusion	verified
31983	spell_item_illusion	spell_item_illusion	verified
31984	spell_item_illusion	spell_item_illusion	verified
31985	spell_item_illusion	spell_item_illusion	verified
31986	spell_item_illusion	spell_item_illusion	verified
31987	spell_item_illusion	spell_item_illusion	verified
36600	spell_item_summon_utility_object	spell_item_summon_utility_object	verified
36916	spell_shaman_molten_blast	spell_shaman_molten_blast	verified
36917	spell_shaman_molten_blast	spell_shaman_molten_blast	verified
36918	spell_shaman_molten_blast	spell_shaman_molten_blast	verified
36919	spell_shaman_molten_blast	spell_shaman_molten_blast	verified
36920	spell_shaman_molten_blast	spell_shaman_molten_blast	verified
36921	spell_shaman_molten_blast	spell_shaman_molten_blast	verified
41827	spell_hunter_kill_command	spell_hunter_kill_command	verified
41828	spell_hunter_kill_command_damage	spell_hunter_kill_command_damage	verified
42036	spell_incindis_quaking_stomp	spell_incindis_quaking_stomp	verified
44000	spell_turtle_taming_quest_credit	spell_turtle_taming_quest_credit	verified
44002	spell_turtle_taming_quest_credit	spell_turtle_taming_quest_credit	verified
44004	spell_turtle_taming_quest_credit	spell_turtle_taming_quest_credit	verified
44006	spell_turtle_taming_quest_credit	spell_turtle_taming_quest_credit	verified
44008	spell_turtle_taming_quest_credit	spell_turtle_taming_quest_credit	verified
44010	spell_turtle_taming_quest_credit	spell_turtle_taming_quest_credit	verified
44012	spell_turtle_taming_quest_credit	spell_turtle_taming_quest_credit	verified
44014	spell_turtle_taming_quest_credit	spell_turtle_taming_quest_credit	verified
44016	spell_turtle_taming_quest_credit	spell_turtle_taming_quest_credit	verified
44018	spell_turtle_taming_quest_credit	spell_turtle_taming_quest_credit	verified
44020	spell_turtle_taming_quest_credit	spell_turtle_taming_quest_credit	verified
44022	spell_turtle_taming_quest_credit	spell_turtle_taming_quest_credit	verified
44025	spell_inactive_tracker	spell_inactive_tracker	verified
44053	spell_drazares_embrace	spell_drazares_embrace	verified
44070	spell_item_wild_regeneration	spell_item_wild_regeneration	verified
44085	spell_item_viper_venom	spell_item_viper_venom	verified
45407	spell_item_ritual_table	spell_item_ritual_table	verified
45408	spell_mage_brilliance_aura	spell_mage_brilliance_aura	verified
45417	spell_item_vial_of_potent_venoms	spell_item_vial_of_potent_venoms	verified
45420	spell_vampirism	spell_vampirism	verified
45421	spell_vampirism	spell_vampirism	verified
45422	spell_vampirism	spell_vampirism	verified
45423	spell_vampirism	spell_vampirism	verified
45424	spell_vampirism	spell_vampirism	verified
45505	spell_shaman_feral_spirit	spell_shaman_feral_spirit	verified
45508	spell_shaman_thunderhead	spell_shaman_thunderhead	verified
45513	spell_shaman_totemic_recall	spell_shaman_totemic_recall	verified
45514	spell_shaman_feral_spirit	spell_shaman_feral_spirit	verified
45527	spell_shaman_water_shield	spell_shaman_water_shield	verified
45541	spell_shaman_elemental_focus	spell_shaman_elemental_focus	verified
45554	spell_priest_shadow_mend	spell_priest_shadow_mend	verified
45555	spell_priest_pain_spike	spell_priest_pain_spike	verified
45563	spell_champion_buff	spell_champion_buff	verified
45564	spell_champion_buff	spell_champion_buff	verified
45565	spell_champion_buff	spell_champion_buff	verified
45566	spell_champion_buff	spell_champion_buff	verified
45567	spell_champion_buff	spell_champion_buff	verified
45568	spell_proclaim_champion	spell_proclaim_champion	verified
45569	spell_champion_buff	spell_champion_buff	verified
45707	spell_druid_tree_of_life_aura	spell_druid_tree_of_life_aura	verified
45708	spell_druid_berserk	spell_druid_berserk	verified
45709	spell_druid_berserk_form_swap	spell_druid_berserk_form_swap	verified
45710	spell_druid_berserk_form_swap	spell_druid_berserk_form_swap	verified
45719	spell_druid_primal_fury	spell_druid_primal_fury	verified
45720	spell_druid_primal_fury	spell_druid_primal_fury	verified
45840	spell_item_toy_train_set	spell_item_toy_train_set	verified
45842	spell_item_bonus_healing	spell_item_bonus_healing	verified
45850	spell_shaman_lightning_speed	spell_shaman_lightning_speed	verified
45851	spell_druid_moonclaw	spell_druid_moonclaw	verified
45872	spell_superconducting_magnet	spell_superconducting_magnet	verified
45873	spell_item_sunnyglade_spider	spell_item_sunnyglade_spider	verified
45908	spell_warlock_demon_gate	spell_warlock_demon_gate	verified
45910	spell_warlock_funnels	spell_warlock_funnels	verified
45911	spell_warlock_funnels	spell_warlock_funnels	verified
45920	spell_item_ritual_table	spell_item_ritual_table	verified
45951	spell_spirit_armor	spell_spirit_armor	verified
45952	spell_spirit_armor	spell_spirit_armor	verified
45953	spell_spirit_armor	spell_spirit_armor	verified
45954	spell_paladin_sanctified_command	spell_paladin_sanctified_command	verified
45955	spell_paladin_sanctified_command	spell_paladin_sanctified_command	verified
45986	spell_rogue_deadly_throw_poison	spell_rogue_deadly_throw_poison	verified
46001	spell_item_summon_utility_object	spell_item_summon_utility_object	verified
46002	spell_item_summon_utility_object	spell_item_summon_utility_object	verified
46003	spell_turtle_toy_collection	spell_turtle_toy_collection	verified
46010	spell_item_guild_house_teleport	spell_item_guild_house_teleport	verified
46012	spell_item_portable_wormhole	spell_item_portable_wormhole	verified
46028	spell_item_teleport_to_gm_island	spell_item_teleport_to_gm_island	verified
46035	spell_item_city_protector_teleport	spell_item_city_protector_teleport	verified
46058	spell_item_travelers_tent	spell_item_travelers_tent	verified
46060	spell_item_travelers_boat	spell_item_travelers_boat	verified
46062	spell_item_simple_wooden_planter	spell_item_simple_wooden_planter	verified
46090	spell_turtle_taming_quest_credit	spell_turtle_taming_quest_credit	verified
46092	spell_turtle_taming_quest_credit	spell_turtle_taming_quest_credit	verified
46094	spell_turtle_taming_quest_credit	spell_turtle_taming_quest_credit	verified
46096	spell_turtle_toy_collection	spell_turtle_toy_collection	verified
46231	spell_item_self_target_learn_spell	spell_item_self_target_learn_spell	verified
46432	spell_turtle_av_tied_up	spell_turtle_av_tied_up	verified
46433	spell_turtle_av_tied_up	spell_turtle_av_tied_up	verified
46434	spell_burning_blood_visual	spell_burning_blood_visual	verified
46436	spell_winterax_ritual_suicide	spell_winterax_ritual_suicide	verified
46498	spell_turtle_companion_collection	spell_turtle_companion_collection	verified
46499	spell_turtle_mount_collection	spell_turtle_mount_collection	verified
46700	spell_turtle_taming_quest_credit	spell_turtle_taming_quest_credit	verified
46702	spell_turtle_taming_quest_credit	spell_turtle_taming_quest_credit	verified
46704	spell_turtle_taming_quest_credit	spell_turtle_taming_quest_credit	verified
46788	spell_druid_aessinas_bloom	spell_druid_aessinas_bloom	verified
46789	spell_druid_aessinas_bloom	spell_druid_aessinas_bloom	verified
47350	spell_special_split_weapon_damage	spell_special_split_weapon_damage	verified
47357	spell_shaman_calming_river	spell_shaman_calming_river	verified
47379	spell_druid_reshift	spell_druid_reshift	verified
48049	spell_hunter_lacerate	spell_hunter_lacerate	verified
48304	spell_item_teresas_copper_coin	spell_item_teresas_copper_coin	verified
48305	spell_item_spitelash_shrine_offering	spell_item_spitelash_shrine_offering	verified
48306	spell_shaman_earthquake	spell_shaman_earthquake	verified
48307	spell_shaman_earthquake	spell_shaman_earthquake	verified
48308	spell_shaman_earthquake	spell_shaman_earthquake	verified
49557	spell_hunter_strike_together_damage	spell_hunter_strike_together_damage	verified
49559	spell_hunter_coordinated_assault	spell_hunter_coordinated_assault	verified
50029	spell_item_war_mode	spell_item_war_mode	verified
50060	spell_baxxil_dummy	spell_baxxil_dummy	verified
50100	spell_item_lunar_lantern	spell_item_lunar_lantern	verified
50910	spell_item_illusion	spell_item_illusion	verified
50911	spell_item_illusion	spell_item_illusion	verified
50912	spell_item_illusion	spell_item_illusion	verified
50913	spell_item_illusion	spell_item_illusion	verified
50914	spell_item_illusion	spell_item_illusion	verified
50915	spell_item_illusion	spell_item_illusion	verified
50916	spell_item_illusion	spell_item_illusion	verified
50917	spell_item_illusion	spell_item_illusion	verified
50918	spell_item_illusion	spell_item_illusion	verified
50919	spell_item_illusion	spell_item_illusion	verified
50920	spell_item_illusion	spell_item_illusion	verified
50921	spell_item_illusion	spell_item_illusion	verified
50931	spell_paladin_daybreak_heal	spell_paladin_daybreak_heal	verified
51001	spell_vampirism	spell_vampirism	verified
51003	spell_spell_momentum_passive	spell_spell_momentum_passive	verified
51012	spell_jewel_of_wild_magics	spell_jewel_of_wild_magics	verified
51022	spell_loop_of_infused_renewal	spell_loop_of_infused_renewal	verified
51068	spell_adrift_strikes	spell_adrift_strikes	verified
51083	spell_flock_of_ravens	spell_flock_of_ravens	verified
51086	spell_lunar_shift	spell_lunar_shift	verified
51087	spell_owl_gaze	spell_owl_gaze	verified
51099	spell_arcane_bomb	spell_arcane_bomb	verified
51100	spell_arcane_overload	spell_arcane_overload	verified
51164	spell_special_split_weapon_damage	spell_special_split_weapon_damage	verified
51166	spell_mark_of_the_highlord	spell_mark_of_the_highlord	verified
51170	spell_kruul_call_from_twisting_nether	spell_kruul_call_from_twisting_nether	verified
51184	spell_mage_arcane_missiles	spell_mage_arcane_missiles	verified
51185	spell_ley_line_disturbance	spell_ley_line_disturbance	verified
51199	spell_form_rift_elemental	spell_form_rift_elemental	verified
51203	spell_overflowing_hatred	spell_overflowing_hatred	verified
51205	spell_rift_feedback	spell_rift_feedback	verified
51210	spell_pawns_advance	spell_pawns_advance	verified
51216	spell_restore_creature_to_life	spell_restore_creature_to_life	verified
51233	spell_crustaceous_claws	spell_crustaceous_claws	verified
51238	spell_harrowing_nets	spell_harrowing_nets	verified
51262	spell_mage_resonance_cascade	spell_mage_resonance_cascade	verified
51271	spell_wisdom_of_the_makaru	spell_wisdom_of_the_makaru	verified
51276	spell_freezing_cold_passive	spell_freezing_cold_passive	verified
51280	spell_frostfire	spell_frostfire	verified
51289	spell_special_summon_at_target	spell_special_summon_at_target	verified
51296	spell_special_summon_at_target	spell_special_summon_at_target	verified
51317	spell_paladin_blessed_strikes	spell_paladin_blessed_strikes	verified
51318	spell_paladin_blessed_strikes	spell_paladin_blessed_strikes	verified
51319	spell_paladin_blessed_strikes	spell_paladin_blessed_strikes	verified
51320	spell_paladin_blessed_strikes	spell_paladin_blessed_strikes	verified
51321	spell_paladin_blessed_strikes	spell_paladin_blessed_strikes	verified
51322	spell_paladin_daybreak_proc	spell_paladin_daybreak_proc	verified
51328	spell_paladin_righteous_defense	spell_paladin_righteous_defense	verified
51329	spell_paladin_righteous_defense	spell_paladin_righteous_defense	verified
51330	spell_paladin_righteous_defense	spell_paladin_righteous_defense	verified
51360	spell_paladin_repent	spell_paladin_repent	verified
51362	spell_paladin_repentance_passive	spell_paladin_repentance_passive	verified
51369	spell_shaman_improved_water_shield	spell_shaman_improved_water_shield	verified
51370	spell_shaman_improved_water_shield	spell_shaman_improved_water_shield	verified
51371	spell_shaman_improved_water_shield	spell_shaman_improved_water_shield	verified
51372	spell_shaman_undertow	spell_shaman_undertow	verified
51373	spell_shaman_undertow	spell_shaman_undertow	verified
51383	spell_shaman_calming_winds	spell_shaman_calming_winds	verified
51384	spell_shaman_calming_winds	spell_shaman_calming_winds	verified
51385	spell_shaman_calming_winds	spell_shaman_calming_winds	verified
51386	spell_shaman_lightning_strike_nature_damage	spell_shaman_lightning_strike_nature_damage	verified
51433	spell_druid_balance_of_all_things	spell_druid_balance_of_all_things	verified
51434	spell_druid_balance_of_all_things	spell_druid_balance_of_all_things	verified
51435	spell_druid_balance_of_all_things	spell_druid_balance_of_all_things	verified
51444	spell_druid_eclipse	spell_druid_eclipse	verified
51445	spell_druid_eclipse	spell_druid_eclipse	verified
51446	spell_druid_aessinas_bloom	spell_druid_aessinas_bloom	verified
51447	spell_druid_aessinas_bloom	spell_druid_aessinas_bloom	verified
51448	spell_druid_preservation	spell_druid_preservation	verified
51449	spell_druid_preservation	spell_druid_preservation	verified
51450	spell_druid_preservation	spell_druid_preservation	verified
51475	spell_priest_enlighten	spell_priest_enlighten	verified
51476	spell_priest_enlighten_link	spell_priest_enlighten_link	verified
51478	spell_priest_chastise	spell_priest_chastise	verified
51479	spell_priest_chastise	spell_priest_chastise	verified
51480	spell_priest_chastise	spell_priest_chastise	verified
51491	spell_shaman_tidal_surge	spell_shaman_tidal_surge	verified
51492	spell_shaman_tidal_surge	spell_shaman_tidal_surge	verified
51512	spell_hunter_piercing_shots	spell_hunter_piercing_shots	verified
51513	spell_hunter_piercing_shots	spell_hunter_piercing_shots	verified
51533	spell_shaman_water_shield	spell_shaman_water_shield	verified
51534	spell_shaman_water_shield	spell_shaman_water_shield	verified
51535	spell_shaman_water_shield	spell_shaman_water_shield	verified
51536	spell_shaman_water_shield	spell_shaman_water_shield	verified
51561	spell_paladin_repent	spell_paladin_repent	verified
51562	spell_paladin_repent	spell_paladin_repent	verified
51606	spell_warrior_defensive_tactics	spell_warrior_defensive_tactics	verified
51607	spell_warrior_defensive_tactics	spell_warrior_defensive_tactics	verified
51608	spell_warrior_defensive_tactics	spell_warrior_defensive_tactics	verified
51623	spell_warrior_blood_drinker	spell_warrior_blood_drinker	verified
51624	spell_warrior_blood_drinker	spell_warrior_blood_drinker	verified
51625	spell_warrior_blood_drinker	spell_warrior_blood_drinker	verified
51687	spell_warlock_drain_soul	spell_warlock_drain_soul	verified
51689	spell_warlock_enslave_demon	spell_warlock_enslave_demon	verified
51697	spell_warlock_felstone	spell_warlock_felstone	verified
51703	spell_warlock_enslave_demon	spell_warlock_enslave_demon	verified
51706	spell_warlock_soul_entrapment	spell_warlock_soul_entrapment	verified
51707	spell_warlock_soul_entrapment	spell_warlock_soul_entrapment	verified
51708	spell_warlock_soul_entrapment	spell_warlock_soul_entrapment	verified
51714	spell_warlock_power_overwhelming	spell_warlock_power_overwhelming	verified
51718	spell_warlock_unleashed_potential_effect	spell_warlock_unleashed_potential_effect	verified
51719	spell_warlock_unleashed_potential_effect	spell_warlock_unleashed_potential_effect	verified
51720	spell_warlock_unleashed_potential_effect	spell_warlock_unleashed_potential_effect	verified
51721	spell_warlock_unleashed_potential	spell_warlock_unleashed_potential	verified
51722	spell_warlock_unleashed_potential	spell_warlock_unleashed_potential	verified
51723	spell_warlock_unleashed_potential	spell_warlock_unleashed_potential	verified
51743	spell_paladin_flash_of_light	spell_paladin_flash_of_light	verified
51751	spell_paladin_judgement_of_light_wisdom	spell_paladin_judgement_of_light_wisdom	verified
51752	spell_paladin_judgement_of_light_wisdom	spell_paladin_judgement_of_light_wisdom	verified
51786	spell_paladin_holy_shock	spell_paladin_holy_shock	verified
51933	spell_mage_clear_resist_state	spell_mage_clear_resist_state	verified
51934	spell_mage_clear_resist_state	spell_mage_clear_resist_state	verified
51935	spell_mage_clear_resist_state	spell_mage_clear_resist_state	verified
51936	spell_mage_clear_resist_state	spell_mage_clear_resist_state	verified
51949	spell_mage_arcane_rupture	spell_mage_arcane_rupture	verified
51950	spell_mage_arcane_rupture	spell_mage_arcane_rupture	verified
51951	spell_mage_arcane_rupture	spell_mage_arcane_rupture	verified
51952	spell_mage_arcane_rupture	spell_mage_arcane_rupture	verified
51953	spell_mage_arcane_rupture	spell_mage_arcane_rupture	verified
51954	spell_mage_arcane_rupture	spell_mage_arcane_rupture	verified
51987	spell_mage_resonance_cascade	spell_mage_resonance_cascade	verified
51988	spell_mage_resonance_cascade	spell_mage_resonance_cascade	verified
51989	spell_mage_resonance_cascade	spell_mage_resonance_cascade	verified
51990	spell_mage_resonance_cascade	spell_mage_resonance_cascade	verified
51991	spell_mage_icicles	spell_mage_icicles	verified
51993	spell_mage_icicles_root	spell_mage_icicles_root	verified
51995	spell_mage_icicles	spell_mage_icicles	verified
51997	spell_mage_icicles	spell_mage_icicles	verified
51999	spell_mage_flash_freeze	spell_mage_flash_freeze	verified
52315	spell_warrior_shield_slam	spell_warrior_shield_slam	verified
52377	spell_warlock_enslave_demon_break_early	spell_warlock_enslave_demon_break_early	verified
52412	spell_shaman_stormstrike	spell_shaman_stormstrike	verified
52419	spell_shaman_lightning_strike_nature_damage	spell_shaman_lightning_strike_nature_damage	verified
52421	spell_shaman_lightning_strike_nature_damage	spell_shaman_lightning_strike_nature_damage	verified
52501	spell_mage_flash_freeze	spell_mage_flash_freeze	verified
52502	spell_mage_arcane_rupture_buff	spell_mage_arcane_rupture_buff	verified
52503	spell_dust_of_disappearance	spell_dust_of_disappearance	verified
52511	spell_rogue_surprise_attack	spell_rogue_surprise_attack	verified
52512	spell_rogue_honor_among_thieves	spell_rogue_honor_among_thieves	verified
52514	spell_rogue_honor_among_thieves	spell_rogue_honor_among_thieves	verified
52516	spell_mage_icicles	spell_mage_icicles	verified
52538	spell_rogue_mark_for_death	spell_rogue_mark_for_death	verified
52539	spell_rogue_exploit_vulnerability	spell_rogue_exploit_vulnerability	verified
52550	spell_warlock_dark_harvest	spell_warlock_dark_harvest	verified
52551	spell_warlock_dark_harvest	spell_warlock_dark_harvest	verified
52552	spell_warlock_dark_harvest	spell_warlock_dark_harvest	verified
52555	spell_warlock_rapid_deterioration	spell_warlock_rapid_deterioration	verified
52556	spell_warlock_rapid_deterioration	spell_warlock_rapid_deterioration	verified
52558	spell_warlock_soul_siphon	spell_warlock_soul_siphon	verified
52559	spell_warlock_soul_siphon	spell_warlock_soul_siphon	verified
52560	spell_warlock_soul_siphon	spell_warlock_soul_siphon	verified
52630	spell_warlock_consequences	spell_warlock_consequences	verified
52633	spell_warlock_consequences	spell_warlock_consequences	verified
52670	spell_warlock_malediction_trigger	spell_warlock_malediction_trigger	verified
52679	spell_shaman_lightning_strike_shield	spell_shaman_lightning_strike_shield	verified
52708	spell_rogue_cloaked_in_shadows	spell_rogue_cloaked_in_shadows	verified
52710	spell_rogue_shadow_of_death	spell_rogue_shadow_of_death	verified
52714	spell_rogue_noxious_assault	spell_rogue_noxious_assault	verified
52715	spell_rogue_noxious_assault	spell_rogue_noxious_assault	verified
52716	spell_rogue_noxious_assault	spell_rogue_noxious_assault	verified
52717	spell_rogue_noxious_assault	spell_rogue_noxious_assault	verified
52878	spell_shaman_earthquake	spell_shaman_earthquake	verified
52920	spell_hunter_lock_and_load	spell_hunter_lock_and_load	verified
52943	spell_priest_book_of_prayer	spell_priest_book_of_prayer	verified
52944	spell_priest_book_of_prayer	spell_priest_book_of_prayer	verified
53023	spell_druid_glyph_of_the_moon	spell_druid_glyph_of_the_moon	verified
53222	spell_warlock_enslave_demon	spell_warlock_enslave_demon	verified
54019	spell_warrior_master_strike_polearm	spell_warrior_master_strike_polearm	verified
54023	spell_warrior_master_strike	spell_warrior_master_strike	verified
56043	spell_item_display_debug	spell_item_display_debug	verified
56044	spell_item_display_debug	spell_item_display_debug	verified
56045	spell_item_display_debug	spell_item_display_debug	verified
56046	spell_item_gm_flight_mode	spell_item_gm_flight_mode	verified
56047	spell_item_toggle_gm_invisibility	spell_item_toggle_gm_invisibility	verified
56053	spell_item_skin_change_token	spell_item_skin_change_token	verified
56067	spell_item_picnic_basket	spell_item_picnic_basket	verified
56508	spell_hateforge_dispel_counterpart	spell_hateforge_dispel_counterpart	verified
56510	spell_hateforge_dispel_counterpart	spell_hateforge_dispel_counterpart	verified
56512	spell_hateforge_dispel_counterpart	spell_hateforge_dispel_counterpart	verified
56514	spell_hateforge_dispel_counterpart	spell_hateforge_dispel_counterpart	verified
56516	spell_hateforge_dispel_counterpart	spell_hateforge_dispel_counterpart	verified
57531	spell_item_jukebox_music	spell_item_jukebox_music	verified
57532	spell_item_jukebox_music	spell_item_jukebox_music	verified
57533	spell_item_jukebox_music	spell_item_jukebox_music	verified
57534	spell_item_jukebox_music	spell_item_jukebox_music	verified
57535	spell_item_jukebox_music	spell_item_jukebox_music	verified
57536	spell_item_jukebox_music	spell_item_jukebox_music	verified
57537	spell_item_jukebox_music	spell_item_jukebox_music	verified
57538	spell_item_jukebox_music	spell_item_jukebox_music	verified
57539	spell_item_jukebox_music	spell_item_jukebox_music	verified
57540	spell_item_jukebox_music	spell_item_jukebox_music	verified
57541	spell_item_jukebox_music	spell_item_jukebox_music	verified
57542	spell_item_jukebox_music	spell_item_jukebox_music	verified
57543	spell_item_jukebox_music	spell_item_jukebox_music	verified
57544	spell_item_jukebox_music	spell_item_jukebox_music	verified
57545	spell_item_jukebox_music	spell_item_jukebox_music	verified
57546	spell_item_jukebox_music	spell_item_jukebox_music	verified
57580	spell_turtle_glyph_of_the_beastkeeper	spell_turtle_glyph_of_the_beastkeeper	verified
57701	spell_priest_pain_spike	spell_priest_pain_spike	verified
57704	spell_priest_pain_spike	spell_priest_pain_spike	verified
57707	spell_priest_pain_spike	spell_priest_pain_spike	verified
58108	spell_hunter_experimental_ammunition	spell_hunter_experimental_ammunition	verified
58112	spell_hunter_experimental_ammunition_trigger	spell_hunter_experimental_ammunition_trigger	verified
58113	spell_hunter_experimental_ammunition_trigger	spell_hunter_experimental_ammunition_trigger	verified
58114	spell_hunter_experimental_ammunition_trigger	spell_hunter_experimental_ammunition_trigger	verified
58128	spell_shaman_earthen_bulwark	spell_shaman_earthen_bulwark	verified
58129	spell_shaman_earthen_bulwark	spell_shaman_earthen_bulwark	verified
58130	spell_shaman_earthen_bulwark	spell_shaman_earthen_bulwark	verified
58238	spell_shaman_call_of_earth	spell_shaman_call_of_earth	verified
58239	spell_shaman_call_of_earth	spell_shaman_call_of_earth	verified
